Dato,Produkt,Farge,GB,Pris
11.09.2019,iPhone 11,Svart,64GB,8490
12.09.2019,iPhone 11,Svart,64GB,7490
16.09.2019,iPhone 11,Svart,64GB,5990
19.09.2019,iPhone 11,Svart,64GB,5990
21.09.2019,iPhone 11,Svart,64GB,5990
29.09.2019,iPhone 11,Svart,64GB,5990
02.10.2019,iPhone 11,Svart,64GB,5990
09.10.2019,iPhone 11,Svart,64GB,5990
16.10.2019,iPhone 11,Svart,64GB,5990
20.10.2019,iPhone 11,Svart,64GB,5990
24.10.2019,iPhone 11,Svart,64GB,5990
28.10.2019,iPhone 11,Svart,64GB,5990
31.10.2019,iPhone 11,Svart,64GB,5990
06.11.2019,iPhone 11,Svart,64GB,5990
16.11.2019,iPhone 11,Svart,64GB,5990
24.11.2019,iPhone 11,Svart,64GB,5990
29.11.2019,iPhone 11,Svart,64GB,5990
03.12.2019,iPhone 11,Svart,64GB,5990
09.12.2019,iPhone 11,Svart,64GB,5990
16.12.2019,iPhone 11,Svart,64GB,5990
20.12.2019,iPhone 11,Svart,64GB,5990
31.12.2019,iPhone 11,Svart,64GB,5990
10.01.2020,iPhone 11,Svart,64GB,5990
16.01.2020,iPhone 11,Svart,64GB,5990
25.01.2020,iPhone 11,Svart,64GB,5990
30.01.2020,iPhone 11,Svart,64GB,5990
04.02.2020,iPhone 11,Svart,64GB,5990
10.02.2020,iPhone 11,Svart,64GB,5990
18.02.2020,iPhone 11,Svart,64GB,5990
24.02.2020,iPhone 11,Svart,64GB,5990
01.03.2020,iPhone 11,Svart,64GB,5990
09.03.2020,iPhone 11,Svart,64GB,5990
14.03.2020,iPhone 11,Svart,64GB,5990
20.03.2020,iPhone 11,Svart,64GB,5990
28.03.2020,iPhone 11,Svart,64GB,5990
01.04.2020,iPhone 11,Svart,64GB,5990
09.04.2020,iPhone 11,Svart,64GB,5990
15.04.2020,iPhone 11,Svart,64GB,5990
21.04.2020,iPhone 11,Svart,64GB,5990
29.04.2020,iPhone 11,Svart,64GB,5990
01.05.2020,iPhone 11,Svart,64GB,5990
05.05.2020,iPhone 11,Svart,64GB,6790
09.05.2020,iPhone 11,Svart,64GB,6790
15.05.2020,iPhone 11,Svart,64GB,6790
21.05.2020,iPhone 11,Svart,64GB,6790
24.05.2020,iPhone 11,Svart,64GB,6790
29.05.2020,iPhone 11,Svart,64GB,6790
05.06.2020,iPhone 11,Svart,64GB,6790
11.06.2020,iPhone 11,Svart,64GB,6790
18.06.2020,iPhone 11,Svart,64GB,6790
24.06.2020,iPhone 11,Svart,64GB,6790
30.06.2020,iPhone 11,Svart,64GB,6790
01.07.2020,iPhone 11,Svart,64GB,6790
07.07.2020,iPhone 11,Svart,64GB,6790
14.07.2020,iPhone 11,Svart,64GB,6790
20.07.2020,iPhone 11,Svart,64GB,6790
24.07.2020,iPhone 11,Svart,64GB,6790
30.07.2020,iPhone 11,Svart,64GB,6790
01.08.2020,iPhone 11,Svart,64GB,6790
06.08.2020,iPhone 11,Svart,64GB,7340
09.08.2020,iPhone 11,Svart,64GB,7340
14.08.2020,iPhone 11,Svart,64GB,7340
20.08.2020,iPhone 11,Svart,64GB,7340
21.08.2020,iPhone 11,Svart,64GB,7340
22.08.2020,iPhone 11,Svart,64GB,7190
26.08.2020,iPhone 11,Svart,64GB,7190
29.08.2020,iPhone 11,Svart,64GB,7190
04.09.2020,iPhone 11,Svart,64GB,7490
09.09.2020,iPhone 11,Svart,64GB,7490
20.09.2020,iPhone 11,Svart,64GB,7490
22.09.2020,iPhone 11,Svart,64GB,6599
29.09.2020,iPhone 11,Svart,64GB,6599
01.10.2020,iPhone 11,Svart,64GB,6599
04.10.2020,iPhone 11,Svart,64GB,7190
09.10.2020,iPhone 11,Svart,64GB,7190
13.10.2020,iPhone 11,Svart,64GB,7190
19.10.2020,iPhone 11,Svart,64GB,6846
24.10.2020,iPhone 11,Svart,64GB,6846
29.10.2020,iPhone 11,Svart,64GB,6846
31.10.2020,iPhone 11,Svart,64GB,6846
05.11.2020,iPhone 11,Svart,64GB,6290
09.11.2020,iPhone 11,Svart,64GB,6290
13.11.2020,iPhone 11,Svart,64GB,6290
18.11.2020,iPhone 11,Svart,64GB,6290
23.11.2020,iPhone 11,Svart,64GB,6290
28.11.2020,iPhone 11,Svart,64GB,6290
05.12.2020,iPhone 11,Svart,64GB,6290
13.12.2020,iPhone 11,Svart,64GB,6290
15.12.2020,iPhone 11,Svart,64GB,6290
19.12.2020,iPhone 11,Svart,64GB,6290
20.12.2020,iPhone 11,Svart,64GB,5990
24.12.2020,iPhone 11,Svart,64GB,5990
29.12.2020,iPhone 11,Svart,64GB,5990
31.12.2020,iPhone 11,Svart,64GB,5990
03.01.2021,iPhone 11,Svart,64GB,5990
09.01.2021,iPhone 11,Svart,64GB,5990
15.01.2021,iPhone 11,Svart,64GB,5990
21.01.2021,iPhone 11,Svart,64GB,5990
28.01.2021,iPhone 11,Svart,64GB,5990
04.02.2021,iPhone 11,Svart,64GB,5990
10.02.2021,iPhone 11,Svart,64GB,5990
18.02.2021,iPhone 11,Svart,64GB,5990
27.02.2021,iPhone 11,Svart,64GB,5990
05.03.2021,iPhone 11,Svart,64GB,5990
13.03.2021,iPhone 11,Svart,64GB,5990
20.03.2021,iPhone 11,Svart,64GB,5990
28.03.2021,iPhone 11,Svart,64GB,5990
04.04.2021,iPhone 11,Svart,64GB,5990
14.04.2021,iPhone 11,Svart,64GB,5990
21.04.2021,iPhone 11,Svart,64GB,5390
30.04.2021,iPhone 11,Svart,64GB,5990
13.05.2021,iPhone 11,Svart,64GB,5990
30.05.2021,iPhone 11,Svart,64GB,5990